Country,Continent,Total_Population,Population_Growth_Rate,Birth_Rate,Death_Rate,Net_Migration_Rate,Median_Age,Sex_Ratio,Infant_Mortality_Rate,Total_Fertility_Rate,Total_Literacy_Rate,Male_Literacy_Rate,Female_Literacy_Rate,Youth_Unemployment_Rate
Afghanistan,Asia,39232003,2.26%,34.79,12.08,0.1,19.5,1.02,103.06,4.53,37.3%,39.4%,7.2%,20.2%
Albania,Europe,3101621,0.19%,12.48,7.36,3.22,34.3,0.97,10.54,1.55,98.4%,38.8%,6%,27.8%
Algeria,Africa,44758398,1.27%,17.84,4.33,0.81,28.9,1.03,19.22,2.47,81.4%,41.3%,0.7%,31.9%
Andorra,Europe,85468,0.11%,6.87,7.98,0.0,46.2,1.05,3.39,1.46,100%,35.3%,28.3%,36.9%
Angola,Africa,35981281,3.34%,41.42,7.8,0.19,15.9,0.96,57.2,5.76,71.1%,82.6%,62.4%,18.5%
Antigua And Barbuda,North America,101489,1.13%,15.01,5.69,2.01,32.7,0.89,13.95,1.94,99%,98.4%,99.4%,
Argentina,South America,46621847,0.8%,15.38,7.28,0.08,32.4,0.98,9.14,2.17,99%,29.4%,19.6%,29.9%
Armenia,Asia,2989091,0.4%,10.8,9.54,5.28,36.6,0.96,11.89,1.65,99.8%,49.4%,1.5%,36.1%
Australia,Oceania,26461166,1.19%,12.23,6.76,6.39,37.5,0.99,2.96,1.73,,15.6%,11.5%,10.8%
Austria,Europe,8940860,0.31%,9.39,9.86,3.54,44.5,0.96,3.2,1.51,,27.7%,25%,11.4%
Azerbaijan,Asia,10420515,0.63%,13.2,6.92,0.0,32.6,0.98,22.93,1.86,99.8%,47.9%,0.1%,16.5%
The Bahamas,North America,358508,0.8%,14.49,6.47,0.0,32.8,0.95,12.52,1.97,,18.8%,2.4%,30.8%
Bahrain,Asia,1553886,0.85%,12.3,2.83,0.99,32.9,1.51,9.98,1.66,97.5%,25.3%,4.5%,9.9%
Bangladesh,Asia,167184465,0.91%,17.5,5.5,2.88,27.9,0.96,29.58,2.08,74.9%,52.2%,17.1%,14.7%
Barbados,North America,303431,0.24%,10.73,8.03,0.29,39.5,0.93,9.79,1.7,99.6%,15%,1.9%,30.6%
Belarus,Europe,9383853,0.32%,8.87,12.81,0.72,40.9,0.87,3.23,1.52,99.9%,47.4%,13.5%,11.3%
Belgium,Europe,11913633,0.55%,10.86,9.57,4.18,41.6,0.97,3.15,1.77,,25.8%,21%,19.6%
Belize,North America,419137,1.61%,20.93,3.89,0.95,23.9,1.0,10.9,2.59,,15.1%,1.8%,19.3%
Benin,Africa,14219908,3.31%,40.72,7.82,0.24,17.0,0.97,54.33,5.39,45.8%,11.8%,1.9%,3.9%
Bhutan,Asia,876181,0.96%,15.61,6.05,0.0,29.1,1.07,25.61,1.77,70.9%,77.9%,62.8%,18.8%
Bolivia,South America,12186079,1.06%,18.08,4.33,0.96,25.3,1.01,22.28,2.26,92.5%,20.5%,4.8%,17.4%
Bosnia And Herzegovina,Europe,3807764,0.23%,8.31,10.26,0.38,43.3,0.95,5.1,1.37,98.1%,42%,28%,32.9%
Botswana,Africa,2417596,1.37%,19.95,8.98,2.77,25.7,0.92,24.41,2.37,88.5%,30.4%,8.3%,41.2%
Brazil,South America,218689757,0.64%,13.44,6.9,0.19,33.2,0.97,13.11,1.75,94.3%,16.2%,9.4%,31.9%
Brunei,Asia,484991,1.43%,15.98,3.85,2.15,31.1,0.95,10.26,1.74,97.6%,30%,2.3%,23.4%
Bulgaria,Europe,6827736,0.66%,7.97,14.31,0.29,43.7,0.95,7.82,1.51,98.4%,40.9%,37.1%,14.2%
Burkina Faso,Africa,22489126,2.46%,32.71,7.5,0.59,17.9,0.96,48.17,4.14,46%,22.1%,6.4%,7.7%
Burundi,Africa,13162952,3.59%,34.87,5.85,6.84,17.7,0.99,36.75,4.96,74.7%,17.4%,6.1%,3.4%
Cabo Verde,Africa,603901,1.19%,18.19,5.77,0.57,26.8,0.95,22.96,2.11,90.8%,17.3%,5.4%,34.3%
Cambodia,Asia,16891245,1.04%,18.75,5.7,2.67,26.4,0.94,28.75,2.2,83.9%,36.1%,6%,1.8%
Cameroon,Africa,30135732,2.73%,35.13,7.54,0.3,18.5,0.99,47.4,4.5,77.1%,13.2%,1.4%,6.6%
Canada,North America,38516736,0.73%,10.11,8.17,5.37,41.8,0.98,4.31,1.57,,15.3%,10.7%,14%
Central African Rep.,Africa,5552228,1.77%,32.37,11.51,3.16,20.0,0.99,81.74,3.99,37.4%,49.5%,25.8%,11.8%
Chad,Africa,18523165,3.05%,39.85,9.21,0.12,16.1,0.98,63.99,5.35,26.8%,13.8%,2.7%,2.4%
Chile,South America,18549457,0.63%,12.57,6.58,0.32,35.5,0.97,6.41,1.75,97%,31.6%,26.8%,21.4%
China,Asia,1413142846,0.18%,9.69,7.82,0.11,38.4,1.04,6.49,1.45,96.8%,49.4%,1.7%,11.4%
Colombia,South America,49336454,0.54%,15.06,7.84,1.85,31.2,0.95,11.65,1.94,95.6%,12.4%,4.6%,26.4%
Comoros,Africa,888378,1.34%,22.06,6.49,2.22,20.9,0.94,56.01,2.69,62%,29.5%,11.1%,21.7%
Democratic Republic Of The Congo,Africa,111859928,3.13%,39.64,7.74,0.63,16.7,1.0,59.12,5.56,80%,22.7%,2.9%,10.1%
Republic Of The Congo,Africa,5677493,2.33%,31.55,8.23,0.0,19.5,1.0,46.62,4.32,80.6%,26.8%,2.1%,42.3%
Costa Rica,North America,29344847,2.16%,27.92,7.45,1.16,20.3,0.97,54.04,3.47,89.9%,17.9%,0.9%,5.7%
Croatia,Europe,4169239,0.47%,8.6,12.98,0.26,43.9,1.01,8.58,1.46,99.4%,37.6%,36.1%,23.6%
Cuba,North America,10985974,0.19%,9.99,9.37,2.53,42.1,0.93,4.07,1.71,99.7%,25.5%,10.3%,7.4%
Cyprus,Europe,1308120,1%,10.37,6.99,6.65,37.9,0.93,8.2,1.48,99.4%,47%,23.2%,11.8%
Czechia,Europe,10706242,0%,8.43,10.77,2.32,43.3,1.05,2.37,1.5,99%,35%,26.4%,7.6%
Denmark,Europe,5946984,0.44%,11.25,9.55,2.71,42.0,0.99,3.0,1.77,,17.8%,17.1%,10.1%
Djibouti,Africa,976143,1.93%,22.03,7.08,4.37,24.9,0.83,46.02,2.13,,78.6%,82.2%,79.9%
Dominica,North America,74656,0.02%,13.64,8.12,5.3,34.9,1.02,11.0,2.01,,,,
Dominican Rep.,North America,11470261,1.18%,20.81,7.17,1.86,24.1,0.97,38.78,2.39,61.7%,12.2%,3.1%,35.7%
Ecuador,South America,17483326,1.1%,16.19,5.18,0.0,28.8,0.98,17.72,2.02,94.5%,18.4%,4.2%,14.2%
Egypt,Africa,109546720,1.59%,20.48,4.32,0.29,24.1,1.06,17.27,2.76,73.1%,48.1%,0.4%,24.3%
El Salvador,North America,6602370,0.46%,17.49,5.92,7.01,27.7,0.92,11.9,2.04,89.1%,14.1%,1.7%,13.7%
Eq. Guinea,Africa,1737695,3.36%,29.46,8.9,13.01,20.3,1.15,77.85,4.19,95.3%,97.4%,93%,18.3%
Eritrea,Africa,6274796,1.08%,26.72,6.6,9.38,20.3,0.97,40.63,3.5,76.6%,14.7%,0.2%,14.6%
Estonia,Europe,1202762,0.74%,8.48,13.13,2.73,43.7,0.89,3.38,1.62,99.9%,36.3%,23%,17.1%
Eswatini,Africa,1130043,0.72%,22.83,9.53,6.07,23.7,0.9,38.12,2.41,88.4%,16.5%,1.8%,50.9%
Ethiopia,Africa,116462712,2.42%,29.97,5.6,0.19,19.8,0.99,32.44,3.92,51.8%,8.8%,1.3%,5.7%
Fiji,Oceania,947760,0.42%,16.25,6.44,5.65,29.9,1.03,9.85,2.23,99.1%,35.6%,10.5%,18.1%
Finland,Europe,5614571,0.22%,10.33,10.37,2.25,42.8,0.97,2.11,1.74,,26.9%,16.3%,18.1%
France,Europe,47222613,0.12%,7.1,10.1,4.2,46.3,0.95,2.4,1.29,98.6%,28.6%,26.7%,36.9%
Gabon,Africa,2397368,2.39%,25.89,5.59,3.59,21.0,1.07,27.7,3.26,85.5%,86.2%,84.7%,38.4%
Gambia,Africa,2468569,2.23%,28.03,5.71,0.04,21.8,0.98,36.44,3.66,58.1%,21.4%,0.8%,15.5%
Georgia,Asia,4936390,0.01%,10.79,10.76,0.06,38.6,0.92,14.45,1.75,99.6%,56.3%,7.1%,28.3%
Germany,Europe,84220184,0.12%,9.02,11.97,1.78,47.8,0.98,3.14,1.58,,24.1%,19.9%,7%
Ghana,Africa,33846114,2.19%,28.04,5.99,0.16,21.4,0.95,31.87,3.61,79%,6.6%,0.3%,9.6%
Greece,Europe,10497595,0.35%,7.52,12.02,1.03,45.3,0.96,3.49,1.4,97.9%,36.5%,30.5%,36.9%
Grenada,North America,114299,0.29%,13.61,8.34,2.34,33.3,1.03,9.2,1.92,98.6%,98.6%,98.6%,
Guatemala,North America,17980803,1.54%,21.88,4.89,1.63,23.2,0.98,25.57,2.57,83.3%,20.1%,1.6%,7.2%
Guinea,Africa,13607249,2.75%,35.47,7.97,0.0,19.1,1.0,48.32,4.82,45.3%,61.2%,31.3%,8.2%
Guinea-Bissau,Africa,2078820,2.54%,36.25,7.32,3.54,18.0,0.96,47.69,4.65,52.9%,17%,0.9%,12.8%
Guyana,South America,791739,0.28%,16.74,6.95,6.99,27.5,1.04,21.63,2.06,88.8%,21.7%,2.4%,29.9%
Haiti,North America,"11,334,637",2.23%,22.31,7.23,-2.4,24.1,0.99,38.35,2.79,61.7%,65.3%,58.3%,33.2%
Vatican,Europe,1000,0%,,,,,,,,,,,
Honduras,North America,9571352,1.16%,17.64,4.69,1.32,24.4,0.95,14.77,1.98,88.5%,88.2%,88.7%,15.5%
Hungary,Europe,9670009,0.31%,8.58,12.89,1.21,43.6,0.91,4.55,1.49,99.1%,35.8%,27.8%,13.5%
Iceland,Europe,360872,0.89%,12.8,6.57,2.69,37.1,1.0,1.63,1.95,,11.9%,12%,13.4%
India,Asia,1399179585,0.7%,16.53,9.65,0.12,28.7,1.06,30.36,2.07,74.4%,41.3%,13%,28.3%
Indonesia,Asia,279476346,0.76%,15.05,6.77,0.71,31.1,1.0,19.31,1.99,96%,71.4%,3.7%,16.1%
Iran,Asia,87590873,0.93%,14.79,5.2,0.3,31.7,1.03,14.58,1.92,88.7%,24.1%,3.1%,27.2%
Iraq,Asia,41266109,1.94%,24.22,3.88,0.98,21.2,1.01,19.17,3.17,85.6%,35.1%,1.8%,27.2%
Ireland,Europe,5323991,0.91%,12.08,6.74,3.76,37.8,1.0,3.41,1.91,,22.5%,19%,17.4%
Israel,Asia,9043387,1.43%,17.3,5.05,1.99,30.4,1.01,3.49,2.54,97.8%,28.9%,13.5%,8.8%
Italy,Europe,61021855,0.11%,7.0,11.27,3.2,46.5,0.93,3.11,1.24,99.2%,26.6%,19.5%,30.9%
Jamaica,North America,2820982,0.09%,15.77,7.44,7.42,29.4,0.98,10.92,2.05,88.7%,22.1%,31.4%,26.1%
Japan,Asia,123719238,0.41%,6.9,11.74,0.74,48.6,0.95,1.88,1.39,,30.1%,10%,4.4%
Jordan,Asia,11086716,0.79%,22.37,3.47,10.99,23.5,1.1,13.56,2.91,98.4%,56.8%,12.8%,40.5%
Kazakhstan,Asia,19543464,0.73%,14.92,8.05,0.39,31.6,0.9,18.77,2.08,99.8%,39.6%,6.7%,3.7%
Kenya,Africa,57052004,2.09%,26.01,4.95,0.19,20.0,1.0,26.94,3.23,82.6%,19.5%,2.7%,13.8%
Kiribati,Oceania,115372,1.02%,19.92,6.91,2.79,25.7,0.94,32.2,2.18,,53.9%,27.3%,22.5%
North Korea,Asia,26072217,0.44%,14.06,9.66,0.04,34.6,0.95,22.0,1.89,100%,34.8%,0%,6.1%
South Korea,Asia,51966948,0.23%,6.95,7.28,2.61,43.2,1.01,2.83,1.11,,35.7%,5.9%,7.8%
Kosovo,Europe,1964327,,,,,,,,,,44.9%,57.3%,48.8%
Kuwait,Asia,3103580,1.13%,17.65,2.27,4.07,29.7,1.37,7.27,2.22,96.5%,33.5%,2.2%,25.5%
Kyrgyzstan,Asia,6122781,0.82%,19.08,6.07,4.83,27.3,0.96,25.08,2.47,99.6%,48%,2.8%,19.3%
Laos,Asia,7852377,1.3%,20.35,6.26,1.09,24.0,0.99,36.56,2.3,87.1%,53.3%,10.3%,3.3%
Latvia,Europe,1821750,1.13%,8.5,14.69,5.06,44.4,0.87,4.78,1.55,99.9%,50.3%,23.7%,15.5%
Lebanon,Asia,5331203,0.64%,12.86,5.57,0.94,33.7,1.0,6.88,1.71,95.1%,47.5%,28.9%,29.6%
Lesotho,Africa,2210646,0.76%,23.01,10.9,4.52,24.7,0.98,47.04,2.88,81%,43.1%,5.4%,37.4%
Liberia,Africa,5506280,2.71%,36.26,6.46,2.67,18.0,1.0,43.2,4.73,48.3%,14.3%,2%,3.2%
Libya,Africa,7252573,1.54%,20.88,3.45,2.05,25.8,1.04,10.95,3.04,91%,96.7%,85.6%,50.5%
Liechtenstein,Europe,39993,0.7%,10.3,8.05,4.78,43.7,0.99,3.98,1.69,,9.4%,8.8%,9.1%
Lithuania,Europe,2655755,1.04%,9.09,15.17,4.34,44.5,0.86,3.61,1.61,99.8%,42.1%,21.8%,19%
Luxembourg,Europe,660924,1.58%,11.59,7.17,11.39,39.5,1.02,3.21,1.63,,22.4%,19.8%,15.2%
Madagascar,Africa,28812195,2.22%,28.14,5.92,0.0,20.3,1.0,38.27,3.55,77.3%,42.7%,12.8%,4.8%
Malawi,Africa,21279597,2.28%,27.29,4.51,0.0,16.8,0.96,32.68,3.3,67.3%,17.5%,4.1%,9.9%
Malaysia,Asia,34219975,1.01%,14.39,5.72,1.46,29.2,1.05,6.49,1.74,95%,43.8%,1.1%,15.6%
Maldives,Asia,389568,0.17%,15.33,4.2,12.8,29.5,1.06,25.02,1.7,97.9%,44.4%,6%,17.7%
Mali,Africa,21359722,2.93%,40.54,8.3,2.99,16.0,0.95,58.99,5.45,35.5%,15.6%,1%,17.3%
Malta,Europe,467138,0.59%,9.59,8.61,4.96,42.3,1.02,4.45,1.51,94.9%,26.4%,21.6%,9.8%
Marshall Is.,Oceania,80966,1.3%,21.61,4.3,4.31,23.8,1.03,21.13,2.72,98.3%,48.7%,8.3%,26%
Mauritania,Africa,4244878,1.96%,27.61,7.33,0.71,21.0,0.93,49.95,3.46,67%,19.3%,2.1%,23%
Mauritius,Africa,1309448,0.09%,9.82,8.95,0.0,36.3,0.95,11.84,1.35,92.2%,37.3%,3%,25.3%
Mexico,North America,129875529,0.61%,13.95,7.07,0.77,29.3,0.96,12.0,1.73,95.2%,19.9%,6.2%,8.1%
Federated States Of Micronesia,Oceania,100319,0.7%,18.12,4.2,20.92,26.3,0.96,21.37,2.22,,10.4%,29.9%,18.9%
Moldova,Europe,3250532,1.14%,9.94,12.51,8.8,37.7,0.96,11.38,1.59,99.6%,51.7%,6.2%,8.6%
Monaco,Europe,31597,0.66%,6.61,10.92,10.89,55.4,0.94,1.75,1.53,,25.7%,27.9%,26.6%
Mongolia,Asia,3255468,0.83%,15.37,6.33,0.77,29.8,0.95,19.77,1.89,99.2%,51.7%,7.1%,21%
Montenegro,Europe,602445,0.43%,11.04,10.3,4.99,39.6,0.97,3.2,1.81,99%,31.6%,31.1%,31.6%
Morocco,Africa,37067420,0.88%,17.1,6.61,1.73,29.1,1.0,18.73,2.27,75.9%,28.2%,0.8%,27.2%
Mozambique,Africa,32513805,2.55%,36.94,9.93,1.54,17.0,0.97,59.77,4.74,63.4%,23%,5.6%,8.1%
Namibia,Africa,"2,727,409",1.83%,25.3,7.3,0.0,22.5,1.02,31.4,3.29,91.5%,91.6%,91.4%,43.4%
Nauru,Oceania,9852,0.42%,20.71,6.39,10.15,27.0,0.96,7.72,2.58,,47.8%,49.1%,26.6%
Nepal,Asia,30899443,0.74%,17.26,5.59,4.29,25.3,0.96,24.55,1.88,71.2%,47.9%,12.8%,9.5%
Netherlands,Europe,17463930,0.36%,10.98,9.27,1.89,42.8,0.98,3.34,1.77,,24.4%,19.9%,9.6%
New Zealand,Oceania,"5,223,100",0.92%,12.0,7.9,4.4,37.2,0.96,3.6,1.9,99.0%,99.0%,99.0%,9.2%
Nicaragua,North America,6359689,0.91%,16.3,5.19,2.04,27.3,0.95,18.63,1.78,82.6%,82.4%,82.8%,11.6%
Niger,Africa,25396840,3.66%,46.86,9.66,0.62,14.8,0.98,65.53,6.73,37.3%,13.7%,1.1%,1%
Nigeria,Africa,230842743,2.53%,34.0,8.52,0.21,18.6,1.02,55.17,4.57,62%,6.9%,0.5%,19.6%
North Macedonia,Europe,2133410,0.11%,10.33,9.61,0.38,39.0,0.99,7.16,1.52,98.4%,99.1%,97.6%,34.1%
Norway,Europe,5597924,0.79%,11.89,7.93,3.89,39.5,1.02,2.28,1.83,,17%,15.4%,13%
Oman,Asia,3833465,1.8%,21.62,3.21,0.46,26.2,1.16,14.16,2.67,95.7%,15.5%,0.4%,14.6%
Pakistan,Asia,247653551,1.91%,26.01,5.94,1.01,22.0,1.04,52.73,3.39,58%,33%,7.3%,9.4%
Palau,Oceania,21779,0.39%,11.57,8.31,0.64,33.9,1.06,11.04,1.7,96.6%,27.3%,7.9%,5.6%
Panama,North America,4404108,1.51%,17.71,5.88,3.22,30.1,1.01,15.28,2.37,95.7%,7.7%,2.2%,30%
Papua New Guinea,Oceania,9819350,2.31%,28.54,5.48,0.0,24.0,1.03,32.81,3.85,64.2%,53.5%,25.1%,5.3%
Paraguay,South America,7439863,1.12%,16.15,4.9,0.07,29.7,1.0,22.6,1.88,94.5%,18.6%,4.4%,16.3%
Peru,South America,32440172,0.5%,16.96,11.04,0.89,29.1,0.96,10.8,2.18,94.5%,13.2%,3%,11.2%
Philippines,Asia,"109,035,343",1.58%,23.69,6.12,-1.88,25.7,1.01,21.45,2.95,96.3%,96.2%,96.5%,7.3%
Poland,Europe,37991766,0.28%,8.31,10.75,0.34,41.9,0.94,4.1,1.41,99.8%,27.9%,20.1%,13.4%
Portugal,Europe,10223150,0.17%,7.99,10.9,1.2,44.6,0.9,2.47,1.44,95.9%,30.5%,20.2%,23.1%
Qatar,Asia,2532104,0.86%,9.27,1.42,0.78,33.7,3.34,6.46,1.9,93.5%,21.7%,1.9%,1.1%
Romania,Europe,18326327,1.01%,8.63,14.92,3.86,42.5,0.93,5.65,1.63,98.9%,35.9%,20%,20.6%
Russia,Europe,141698923,0.24%,9.22,13.27,1.7,40.3,0.86,6.33,1.6,99.7%,40.8%,12.8%,16.9%
Rwanda,Africa,13400541,1.68%,25.7,5.77,3.16,19.7,0.96,25.64,3.23,75.9%,20.1%,7.2%,2.9%
Saint Kitts And Nevis,North America,54817,0.59%,12.1,7.3,1.2,38.1,1.0,8.2,1.76,,,,
Saint Lucia,North America,167591,0.27%,11.7,8.2,0.8,39.0,0.94,11.8,1.72,,41%,36.2%,38.7%
Saint Vincent And The Grenadines,North America,100804,0.16%,12.1,7.6,6.1,37.0,1.04,12.6,1.74,,39.7%,43.9%,41.1%
Samoa,Oceania,207501,0.65%,19.0,5.4,7.2,26.9,1.03,17.8,2.37,99.1%,36.1%,14.5%,19.7%
San Marino,Europe,34892,0.59%,8.9,8.8,5.9,45.9,0.93,6.4,1.53,99.9%,99.9%,99.9%,27.4%
Sao Tome And Principe,Africa,220372,1.45%,27.4,6.1,6.8,20.4,1.0,43.5,3.44,94.8%,10.1%,1.3%,22.9%
Saudi Arabia,Asia,35939806,1.65%,13.9,3.5,6.1,32.0,1.31,12.0,1.89,97.6%,26.5%,2%,28.8%
Senegal,Africa,18384660,2.52%,30.8,5.0,0.7,19.0,0.97,31.8,4.17,56.3%,7%,9.2%,8.2%
Serbia,Europe,6693375,0.63%,8.9,15.1,0.0,43.7,0.95,4.6,1.46,99.5%,40.5%,39.1%,30.4%
Seychelles,Africa,97617,0.6%,12.1,6.9,0.8,38.2,1.08,10.4,1.81,95.9%,17.5%,15.6%,16.5%
Sierra Leone,Africa,8908040,2.41%,31.5,9.1,1.7,19.2,0.98,72.3,3.71,47.7%,20.5%,6.4%,10.8%
Singapore,Asia,5975383,0.9%,8.9,4.2,4.2,38.9,1.0,1.5,1.17,97.5%,28%,5%,9.1%
Slovakia,Europe,5425319,0.13%,10.3,11.5,0.0,42.5,0.93,5.3,1.6,,37.4%,25.6%,21.5%
Slovenia,Europe,2099790,0.08%,8.1,10.5,1.5,45.9,1.0,1.5,1.6,99.7%,24.4%,19.6%,13.9%
Solomon Is.,Oceania,714766,1.69%,22.3,4.0,1.5,24.8,1.04,19.5,2.82,,53.8%,19.2%,1.9%
Somalia,Africa,12693796,2.49%,37.7,11.4,1.4,19.0,1.01,85.1,5.22,,32.5%,38.5%,34.7%
South Africa,Africa,58048332,1.08%,18.3,7.2,0.3,30.1,0.96,24.4,2.31,95%,34%,6.5%,64.2%
S. Sudan,Africa,12118379,4.78%,37.1,9.2,20.0,18.7,1.05,61.6,5.2,34.5%,40.3%,28.9%,21%
Spain,Europe,"47,222,613",0.12%,7.1,10.1,4.2,46.3,0.95,2.4,1.29,98.6%,99.0%,98.2%,33.9%
Sri Lanka,Asia,23326272,0.56%,14.6,7.4,1.5,33.9,0.94,6.8,2.14,92.3%,41.4%,2.6%,26.1%
Sudan,Africa,49197555,2.55%,33.3,6.2,1.6,19.1,1.01,41.4,4.54,60.7%,65.4%,56.1%,35.6%
Suriname,South America,639759,1.11%,15.2,6.6,2.5,31.6,0.98,29.9,1.91,95%,96.5%,93.4%,30.5%
Sweden,Europe,10536338,0.51%,10.8,9.5,3.8,41.0,1.01,2.3,1.67,,29.8%,18.2%,24.5%
Switzerland,Europe,8563760,0.78%,10.2,8.4,6.0,44.0,0.99,3.0,1.59,,28.1%,22.9%,9.1%
Syria,Asia,22933531,6.39%,22.2,4.1,45.8,23.9,1.01,15.5,2.74,86.4%,91.7%,81%,26.2%
Tajikistan,Asia,9245937,1.94%,26.4,4.9,2.0,22.7,1.01,23.1,3.6,99.8%,99.8%,99.7%,17.4%
Tanzania,Africa,65642682,2.75%,32.9,5.0,0.4,18.9,1.0,30.3,4.33,81.8%,14%,3.4%,4.6%
Thailand,Asia,69794997,0.2%,10.0,7.9,0.2,41.0,0.95,6.4,1.54,94.1%,41.3%,2.9%,7%
Timor-Leste,Asia,1476042,2.1%,30.4,5.6,3.8,20.3,0.99,32.9,4.09,68.1%,67.6%,10.8%,13.8%
Togo,Africa,8703961,2.45%,31.4,5.2,1.8,20.5,0.97,39.8,4.18,66.5%,12.3%,1.2%,9.7%
Tonga,Oceania,105221,0.3%,20.0,5.0,18.1,25.4,1.01,12.1,2.7,99.4%,46.7%,15.3%,11.1%
Trinidad And Tobago,North America,1407460,0.12%,10.6,8.5,1.0,38.0,1.01,15.4,1.63,99%,99.2%,98.7%,12.7%
Tunisia,Africa,11976182,0.63%,14.1,6.4,1.3,34.0,0.98,11.6,1.96,82.7%,47.2%,2%,38.3%
Turkey (Turkiye),Asia,83593483,0.64%,14.0,6.1,1.5,33.6,1.01,18.9,1.91,96.7%,21.4%,29.9%,24.3%
Turkmenistan,Asia,5690818,0.95%,17.2,6.0,1.7,30.7,0.98,36.7,2.03,99.7%,10.6%,0.4%,11%
Tuvalu,Oceania,11639,0.81%,22.3,7.9,6.4,27.5,0.98,28.3,2.81,,49.8%,21.3%,20.6%
Uganda,Africa,47729952,3.22%,40.3,4.9,3.2,16.1,0.95,29.4,5.26,79%,13%,3.7%,4.3%
Ukraine,Europe,43306477,2.33%,5.8,19.8,37.3,45.3,1.0,9.0,1.22,100%,40%,11.5%,16.5%
United Arab Emirates,Asia,9973449,0.58%,10.8,1.6,3.4,35.7,2.16,5.1,1.62,98.1%,98.8%,97.2%,10.7%
United Kingdom,Europe,68138484,0.49%,10.8,9.1,3.2,40.6,,3.8,1.63,,17.3%,13.5%,13.2%
United States of America,North America,339665118,0.68%,12.2,8.4,3.0,38.5,0.97,5.1,1.84,,28.4%,17.5%,9.6%
Uruguay,South America,3416264,0.27%,12.7,9.1,0.9,36.2,0.94,8.1,1.75,98.8%,24.4%,18.5%,32.9%
Uzbekistan,Asia,31360836,1.61%,22.2,5.2,0.9,28.7,1.01,18.9,2.92,100%,34%,1.1%,16%
Vanuatu,Oceania,313046,1.59%,21.2,4.0,1.3,24.2,0.99,14.0,2.59,89.1%,33%,2.6%,5.4%
Venezuela,South America,30518260,2.4%,17.0,6.6,13.6,30.8,0.99,14.1,2.2,97.5%,97.4%,97.7%,14.9%
Vietnam,Asia,104799174,0.93%,15.3,5.8,0.2,32.7,1.01,14.4,2.04,95.8%,47.4%,2.2%,7.2%
Yemen,Asia,31565602,1.83%,24.1,5.5,0.2,21.6,1.02,45.5,2.91,70.1%,32.5%,8.1%,25.5%
Zambia,Africa,20216029,2.86%,34.5,6.0,0.2,18.2,1.0,36.3,4.49,86.7%,25.1%,3.7%,26.1%
Zimbabwe,Africa,15418674,1.99%,29.4,6.7,2.9,21.0,0.95,34.0,3.51,89.7%,21.8%,1.5%,7.3%
